Source_id,Sentence_en
1001,"For I would not, brethren, that ye should be ignorant of the mystery, lest ye be spiritually ignorant: that part of Israel should be blinded, until the full sum of the Gentiles be gathered together;"
1002,Benefits of leg muscles are strength and smoothness. It also helps in preventing joint and spinal problems.
1003,"In this tutorial, we learnt: How to assign admin role to a user, how to assign teacher to a course and how to enroll a student in a course."
1004,"When we are on this course page, the menu on the left side appears to have changed."
1005,We have the names of the students who wish to enroll in the Calculus course.
1006,"Now, let us define our applet class."
1007,explain various types of yoga techniques.
1008,Various folk songs were sung according to the time.
1009,8.3 our sense organs
1010,Starting position is Tadasana.
1011,Click on the Browse button and set the Desktop as default folder.
1012,Let us see why a constructor should be used.
1013,"And when they were come out of the prison, they entered into the house of Lydia, and saw the brethren, and comforted them, and departed."
1014,"If ye believe him, then believe me also, that he wrote of me."
1015,In this lesson we will learn about the characteristics of folk music and the different forms of music of India.
1016,"Seeing the example, fill in the blanks."
1017,"Then began Peter to speak, saying, God is partial with men."
1018,And by him all the people were justified through faith.
1019,"To get this output, we have used Casting type."
1020,It is necessary to control the inner desires without any external expression.
1021,Context Addressing
1022,Right-click on the SampleApplet project node.
1023,Krishna gives birth to five children.
1024,We all must plant a lotus flower in the front of our house.
1025,identify the types and causes of pollution
1026,For all the Jews know how I lived from my youth up in the midst of my people at Jerusalem.
1027,Sage runs.
1028,"Now, run the program using the java HelloWorld command."
1029,"So, I will rotate the image."
1030,"Now, let us open index dot jsp."
1031,"Now, let us define constructor."
1032,"So, from the new page, type: Student s equal to new student."
1033,Boy displays respect in us all.
1034,• Keep the buttocks on the ground so that they can bear the weight of the body.
1035,Kapalabhati is a cleansing technique.
1036,Boy displays affection in you.
1037,Among the cows there is a goddess called Kamadhena.
1038,"Notice, the code is gone."
1039,double slash space // My first C++ program.
1040,Do not rotate any of the knees.
1041,"We can also add another normal method to the table environment. Now, let us demonstrate."
1042,We can see that the space of the box has become too flat.
1043,"I say, not so; but the Gentiles offer unto the devils what God offered, and not to devils: for I will not that ye be partakers of devils."
1044,"And these men are like unto whom? they are children which sit in the marketplace, calling themselves priests,"
1045,Notice that this is the end of the article and now I am adding the one at the end.
1046,"And when he had said this, he shewed them his hands and his hips. Then the disciples, when they saw the Lord, were astonished."
1047,Naikaro: One who has many forms.
1048,A static method can be invoked next to the name of the class.
1049,"In this option, the recipients in To and Cc will not be able to see the recipient in Bcc."
1050,After about one minute pause the practice.
1051,A systematic meal session
1052,"To record this tutorial, I am using: Ubuntu Linux Operating System 16.04"
1053,NADI SUDHI Sthiti: The practice of Dandasana is to sit in any meditative posture.
1054,What did Hanuman do when he was captured by the soldiers of Ravana?
1055,The meaning of the law is Individual conduct.
1056,Maha-varah: One who is the source of the great Varah.
1057,While sitting in the Padmasana close your eyes and observe your breathing and exhalation.
1058,"For example, this caption command automatically declares the structure as 1."
1059,This will also help in preventing the crash of the application.
1060,I will explain.
1061,"But before all these things shall men lay hands on you, and persecute you; and shall deliver you into synagogues and prisons, and shall bring you before rulers and rulers for my name's sake."
1062,"""Askarah: One who believes in the existence of the universe, because the universe is one of the qualities of the cosmos."""
1063,The work is done by the joint.
1064,"And they had reed in their tails, and in their claws, and power to do evil unto men five months."
1065,"Click on Display settings. In the Display Types window, check the check-box as Label."
1066,I would have liked it here especially if it hadnt been on the nose.
1067,Brahmagupta was a great mathematician and astronomer of the seventh century.
1068,More information on this mission is available at the following link. Spoken HYPHEN tutorial DOT org Slash NMEICT HYPHEN Intro.
1069,"So, now we have completed the four steps Replace, Subtract, Subract and Intersect."
1070,• Exercise and balance the air in the lungs. Feel the speed of air filling and excretion.
1071,"Even so good works are manifest, lest they be hid from the light, and cannot remain."
1072,"Note that the Human class has its own implementation of talk(), see() and move() methods."
1073,Functions of kidney
1074,Bhimasana's two daughters-in-law are famous.
1075,"To his servant David, whom he spake,"
1076,Emperor Kaushik leaves his palace and goes to the forest.
1077,"We can also install Eclipse in Red Hat, Fedora, Santos, Linux and others."
1078,"While inhaling, stretch the legs to about one meter."
1079,Subscription of Serials
1080,Notice that there are some icons in the launcher by default.
1081,"You are Brahmaswara, Vishnu, Rudraswara, Indra, Fire, Air, Sun, Moon and you have manifested in yourself the three qualities."
1082,I will do.
1083,Now you can see the Files and Folders in the Directory.
1084,Welcome to the spoken-tutorial.
1085,Create a database and connect to it.
1086,She is serving the queen.
1087,And by the grace of them the writer (Swatmarama) got acquainted with it.
1088,"This lesson explains the path of Raja Yoga, which is often called classical yoga."
1089,"In whom ye have been made rich in the word of truth, which is in the gospel,"
1090,"I can select a circle, rectangle or circle in the Shape."
1091,For in the time of great tribulation they have borne much fruit of their patience.
1092,Let us understand the meaning of truth from the beautiful story of Kabir and Thief.
1093,"In the new window that opens up, we have to enter our Patron Login: and Password."
1094,"In this class, we get the main method."
1095,Distribution of book
1096,It is compiled as follows:
1097,This water also reaches the topmost leaves of the plant where water and minerals are found in water during photosynthesis.
1098,"And he went straight to the centurion, and said unto him, I have nothing to say unto thee: but the prisoner Paul, when he had not called me, desired me to bring him unto thee."
1099,"First, double the layer. For example, specify what happens in the Overlay mode or in other mode."
1100,"For I, being yet absent in the flesh, have determined to judge such a man, whether I be present with you, or not:"
